<?xml version="1.0" encoding="utf-8"?>
<!--/13611771/1051981/2.49/59/4/Integrated Circuit/-->
<quadcept_library>
  <setting unit="mil" />
  <textstyle name="Default" height="47.244094488189" strokewidth="7.8740157480315" charwidth="47.244094488189" />
  <textstyle name="Dimension" height="19.6850393700787" strokewidth="0" charwidth="19.6850393700787" />
  <textstyle name="H127W0635TH00762" height="50" strokewidth="3" charwidth="25" />
  <textstyle name="H15W15TH02" height="59.0551181102362" strokewidth="7.8740157480315" charwidth="59.0551181102362" />
  <padstyle name="c166.5_h111" surface="False" plated="True" isvia="False" nopaste="True" nomask="True" complex="False" holesize="43.700787401574">
    <padshape layer="TOP" shape="round" width="65.551181102361" height="65.551181102361" />
    <padshape layer="TOP_SOLDER_MASK" shape="round" width="73.425196850393" height="73.425196850393" />
    <padshape layer="INNER" shape="round" width="65.551181102361" height="65.551181102361" />
    <padshape layer="BOTTOM" shape="round" width="65.551181102361" height="65.551181102361" />
    <padshape layer="BOTTOM_SOLDER_MASK" shape="round" width="73.425196850393" height="73.425196850393" />
  </padstyle>
  <footprint name="TEENSY41" originx="0" originy="0" pickpointx="0" pickpointy="0">
    <pcbpin number="1" name="1" style="c166.5_h111" originx="0" originy="0" rotation="90" />
    <pcbpin number="2" name="2" style="c166.5_h111" originx="99.999999999999" originy="0" rotation="90" />
    <pcbpin number="3" name="3" style="c166.5_h111" originx="200" originy="0" rotation="90" />
    <pcbpin number="4" name="4" style="c166.5_h111" originx="300" originy="0" rotation="90" />
    <pcbpin number="5" name="5" style="c166.5_h111" originx="400" originy="0" rotation="90" />
    <pcbpin number="6" name="6" style="c166.5_h111" originx="499.99999999999" originy="0" rotation="90" />
    <pcbpin number="7" name="7" style="c166.5_h111" originx="599.99999999999" originy="0" rotation="90" />
    <pcbpin number="8" name="8" style="c166.5_h111" originx="699.99999999999" originy="0" rotation="90" />
    <pcbpin number="9" name="9" style="c166.5_h111" originx="799.99999999999" originy="0" rotation="90" />
    <pcbpin number="10" name="10" style="c166.5_h111" originx="899.99999999999" originy="0" rotation="90" />
    <pcbpin number="11" name="11" style="c166.5_h111" originx="999.99999999999" originy="0" rotation="90" />
    <pcbpin number="12" name="12" style="c166.5_h111" originx="1100" originy="0" rotation="90" />
    <pcbpin number="13" name="13" style="c166.5_h111" originx="1100" originy="599.99999999999" rotation="90" />
    <pcbpin number="14" name="14" style="c166.5_h111" originx="999.99999999999" originy="599.99999999999" rotation="90" />
    <pcbpin number="15" name="15" style="c166.5_h111" originx="899.99999999999" originy="599.99999999999" rotation="90" />
    <pcbpin number="16" name="16" style="c166.5_h111" originx="799.99999999999" originy="599.99999999999" rotation="90" />
    <pcbpin number="17" name="17" style="c166.5_h111" originx="699.99999999999" originy="599.99999999999" rotation="90" />
    <pcbpin number="18" name="18" style="c166.5_h111" originx="599.99999999999" originy="599.99999999999" rotation="90" />
    <pcbpin number="19" name="19" style="c166.5_h111" originx="499.99999999999" originy="599.99999999999" rotation="90" />
    <pcbpin number="20" name="20" style="c166.5_h111" originx="400" originy="599.99999999999" rotation="90" />
    <pcbpin number="21" name="21" style="c166.5_h111" originx="300" originy="599.99999999999" rotation="90" />
    <pcbpin number="22" name="22" style="c166.5_h111" originx="200" originy="599.99999999999" rotation="90" />
    <pcbpin number="23" name="23" style="c166.5_h111" originx="99.999999999999" originy="599.99999999999" rotation="90" />
    <pcbpin number="24" name="24" style="c166.5_h111" originx="1300" originy="0" rotation="90" />
    <pcbpin number="25" name="25" style="c166.5_h111" originx="1400" originy="0" rotation="90" />
    <pcbpin number="26" name="26" style="c166.5_h111" originx="1500" originy="0" rotation="90" />
    <pcbpin number="27" name="27" style="c166.5_h111" originx="1600" originy="0" rotation="90" />
    <pcbpin number="28" name="28" style="c166.5_h111" originx="1700" originy="0" rotation="90" />
    <pcbpin number="29" name="29" style="c166.5_h111" originx="1800" originy="0" rotation="90" />
    <pcbpin number="30" name="30" style="c166.5_h111" originx="1900" originy="0" rotation="90" />
    <pcbpin number="31" name="31" style="c166.5_h111" originx="2000" originy="0" rotation="90" />
    <pcbpin number="32" name="32" style="c166.5_h111" originx="2100" originy="0" rotation="90" />
    <pcbpin number="33" name="33" style="c166.5_h111" originx="2100" originy="599.99999999999" rotation="90" />
    <pcbpin number="34" name="34" style="c166.5_h111" originx="2000" originy="599.99999999999" rotation="90" />
    <pcbpin number="35" name="35" style="c166.5_h111" originx="1900" originy="599.99999999999" rotation="90" />
    <pcbpin number="36" name="36" style="c166.5_h111" originx="1800" originy="599.99999999999" rotation="90" />
    <pcbpin number="37" name="37" style="c166.5_h111" originx="1700" originy="599.99999999999" rotation="90" />
    <pcbpin number="38" name="38" style="c166.5_h111" originx="1600" originy="599.99999999999" rotation="90" />
    <pcbpin number="39" name="39" style="c166.5_h111" originx="1500" originy="599.99999999999" rotation="90" />
    <pcbpin number="40" name="40" style="c166.5_h111" originx="1400" originy="599.99999999999" rotation="90" />
    <pcbpin number="41" name="41" style="c166.5_h111" originx="1300" originy="599.99999999999" rotation="90" />
    <pcbpin number="42" name="42" style="c166.5_h111" originx="1200" originy="0" rotation="90" />
    <pcbpin number="43" name="43" style="c166.5_h111" originx="1600" originy="99.999999999999" rotation="90" />
    <pcbpin number="44" name="44" style="c166.5_h111" originx="1600" originy="200" rotation="90" />
    <pcbpin number="45" name="45" style="c166.5_h111" originx="1600" originy="300" rotation="90" />
    <pcbpin number="46" name="46" style="c166.5_h111" originx="1600" originy="400" rotation="90" />
    <pcbpin number="47" name="47" style="c166.5_h111" originx="1600" originy="499.99999999999" rotation="90" />
    <pcbpin number="48" name="48" style="c166.5_h111" originx="449.99999999999" originy="120.07874015748" rotation="90" />
    <pcbpin number="49" name="49" style="c166.5_h111" originx="350" originy="120.07874015748" rotation="90" />
    <pcbpin number="50" name="50" style="c166.5_h111" originx="250" originy="120.07874015748" rotation="90" />
    <pcbpin number="51" name="51" style="c166.5_h111" originx="150" originy="120.07874015748" rotation="90" />
    <pcbpin number="52" name="52" style="c166.5_h111" originx="49.999999999999" originy="120.07874015748" rotation="90" />
    <pcbpin number="53" name="53" style="c166.5_h111" originx="0" originy="599.99999999999" rotation="90" />
    <pcbpin number="54" name="55" style="c166.5_h111" originx="-200" originy="599.99999999999" rotation="90" />
    <pcbpin number="55" name="57" style="c166.5_h111" originx="-99.999999999999" originy="0" rotation="90" />
    <pcbpin number="56" name="68" style="c166.5_h111" originx="-99.999999999999" originy="499.99999999999" rotation="90" />
    <pcbpin number="57" name="69" style="c166.5_h111" originx="1200" originy="599.99999999999" rotation="90" />
    <pcbpin number="58" name="70" style="c166.5_h111" originx="-99.999999999999" originy="599.99999999999" rotation="90" />
    <pcbpin number="59" name="71" style="c166.5_h111" originx="-200" originy="0" rotation="90" />
    <line layer="TOP_ASSEMBLY" originx="-250" originy="-49.999999999999" endx="2150" endy="-49.999999999999" width="3.9370078740157" />
    <line layer="TOP_ASSEMBLY" originx="2150" originy="-49.999999999999" endx="2150" endy="649.99999999999" width="3.9370078740157" />
    <line layer="TOP_ASSEMBLY" originx="2150" originy="649.99999999999" endx="-250" endy="649.99999999999" width="3.9370078740157" />
    <line layer="TOP_ASSEMBLY" originx="-250" originy="649.99999999999" endx="-250" endy="-49.999999999999" width="3.9370078740157" />
    <line layer="TOP_PLACE_BOUND" originx="-289.37007874015" originy="689.37007874015" endx="2189.3700787401" endy="689.37007874015" width="3.9370078740157" />
    <line layer="TOP_PLACE_BOUND" originx="2189.3700787401" originy="689.37007874015" endx="2189.3700787401" endy="-89.370078740156" width="3.9370078740157" />
    <line layer="TOP_PLACE_BOUND" originx="2189.3700787401" originy="-89.370078740156" endx="-289.37007874015" endy="-89.370078740156" width="3.9370078740157" />
    <line layer="TOP_PLACE_BOUND" originx="-289.37007874015" originy="-89.370078740156" endx="-289.37007874015" endy="689.37007874015" width="3.9370078740157" />
    <line layer="TOP_SILKSCREEN" originx="-250" originy="-49.999999999999" endx="2150" endy="-49.999999999999" width="7.8740157480314" />
    <line layer="TOP_SILKSCREEN" originx="2150" originy="-49.999999999999" endx="2150" endy="649.99999999999" width="7.8740157480314" />
    <line layer="TOP_SILKSCREEN" originx="2150" originy="649.99999999999" endx="-250" endy="649.99999999999" width="7.8740157480314" />
    <line layer="TOP_SILKSCREEN" originx="-250" originy="649.99999999999" endx="-250" endy="-49.999999999999" width="7.8740157480314" />
    <line layer="TOP_SILKSCREEN" originx="0" originy="-74.803149606298" endx="0" endy="-74.803149606298" width="7.8740157480314" />
    <arc layer="TOP_SILKSCREEN" originx="1.9685039370078" originy="-74.803149606298" startangle="180.0" sweepangle="180.0" radius="1.9685039370078" width="7.8740157480314" />
    <line layer="TOP_SILKSCREEN" originx="3.9370078740157" originy="-74.803149606298" endx="3.9370078740157" endy="-74.803149606298" width="7.8740157480314" />
    <arc layer="TOP_SILKSCREEN" originx="1.9685039370078" originy="-74.803149606298" startangle=".0" sweepangle="180.0" radius="1.9685039370078" width="7.8740157480314" />
    <line layer="TOP_SILKSCREEN" originx="0" originy="-74.803149606298" endx="0" endy="-74.803149606298" width="7.8740157480314" />
    <arc layer="TOP_SILKSCREEN" originx="1.9685039370078" originy="-74.803149606298" startangle="180.0" sweepangle="180.0" radius="1.9685039370078" width="7.8740157480314" />
  </footprint>
  <symbol name="TEENSY_4.1" originx="0" originy="0">
    <line originx="200" originy="100" endx="1900" endy="100" width="0" />
    <line originx="1900" originy="-3000" endx="1900" endy="100" width="0" />
    <line originx="1900" originy="-3000" endx="200" endy="-3000" width="0" />
    <line originx="200" originy="100" endx="200" endy="-3000" width="0" />
    <sympin number="1" originx="200" originy="0" rotation="180" length="100" width="7.8740157480315" flipped="False">
      <text name="pinname" originx="230" originy="0" style="Default" rotation="0" justify="left" flipped="False" hidden="False" data="TX1" />
      <text name="pindes" originx="140" originy="20" style="Default" rotation="0" justify="lowerright" flipped="False" hidden="False" data="1" />
    </sympin>
    <sympin number="2" originx="200" originy="-100" rotation="180" length="100" width="7.8740157480315" flipped="False">
      <text name="pinname" originx="230" originy="-100" style="Default" rotation="0" justify="left" flipped="False" hidden="False" data="OUT2" />
      <text name="pindes" originx="140" originy="-80" style="Default" rotation="0" justify="lowerright" flipped="False" hidden="False" data="2" />
    </sympin>
    <sympin number="3" originx="200" originy="-200" rotation="180" length="100" width="7.8740157480315" flipped="False">
      <text name="pinname" originx="230" originy="-200" style="Default" rotation="0" justify="left" flipped="False" hidden="False" data="LRCLK2" />
      <text name="pindes" originx="140" originy="-180" style="Default" rotation="0" justify="lowerright" flipped="False" hidden="False" data="3" />
    </sympin>
    <sympin number="4" originx="200" originy="-300" rotation="180" length="100" width="7.8740157480315" flipped="False">
      <text name="pinname" originx="230" originy="-300" style="Default" rotation="0" justify="left" flipped="False" hidden="False" data="BCLK2" />
      <text name="pindes" originx="140" originy="-280" style="Default" rotation="0" justify="lowerright" flipped="False" hidden="False" data="4" />
    </sympin>
    <sympin number="5" originx="200" originy="-400" rotation="180" length="100" width="7.8740157480315" flipped="False">
      <text name="pinname" originx="230" originy="-400" style="Default" rotation="0" justify="left" flipped="False" hidden="False" data="IN2" />
      <text name="pindes" originx="140" originy="-380" style="Default" rotation="0" justify="lowerright" flipped="False" hidden="False" data="5" />
    </sympin>
    <sympin number="6" originx="200" originy="-500" rotation="180" length="100" width="7.8740157480315" flipped="False">
      <text name="pinname" originx="230" originy="-500" style="Default" rotation="0" justify="left" flipped="False" hidden="False" data="OUT1D" />
      <text name="pindes" originx="140" originy="-480" style="Default" rotation="0" justify="lowerright" flipped="False" hidden="False" data="6" />
    </sympin>
    <sympin number="7" originx="200" originy="-600" rotation="180" length="100" width="7.8740157480315" flipped="False">
      <text name="pinname" originx="230" originy="-600" style="Default" rotation="0" justify="left" flipped="False" hidden="False" data="RX2" />
      <text name="pindes" originx="140" originy="-580" style="Default" rotation="0" justify="lowerright" flipped="False" hidden="False" data="7" />
    </sympin>
    <sympin number="8" originx="200" originy="-700" rotation="180" length="100" width="7.8740157480315" flipped="False">
      <text name="pinname" originx="230" originy="-700" style="Default" rotation="0" justify="left" flipped="False" hidden="False" data="TX2" />
      <text name="pindes" originx="140" originy="-680" style="Default" rotation="0" justify="lowerright" flipped="False" hidden="False" data="8" />
    </sympin>
    <sympin number="9" originx="200" originy="-800" rotation="180" length="100" width="7.8740157480315" flipped="False">
      <text name="pinname" originx="230" originy="-800" style="Default" rotation="0" justify="left" flipped="False" hidden="False" data="OUT1C" />
      <text name="pindes" originx="140" originy="-780" style="Default" rotation="0" justify="lowerright" flipped="False" hidden="False" data="9" />
    </sympin>
    <sympin number="10" originx="200" originy="-900" rotation="180" length="100" width="7.8740157480315" flipped="False">
      <text name="pinname" originx="230" originy="-900" style="Default" rotation="0" justify="left" flipped="False" hidden="False" data="CS_1" />
      <text name="pindes" originx="140" originy="-880" style="Default" rotation="0" justify="lowerright" flipped="False" hidden="False" data="10" />
    </sympin>
    <sympin number="11" originx="200" originy="-1000" rotation="180" length="100" width="7.8740157480315" flipped="False">
      <text name="pinname" originx="230" originy="-1000" style="Default" rotation="0" justify="left" flipped="False" hidden="False" data="MOSI" />
      <text name="pindes" originx="140" originy="-980" style="Default" rotation="0" justify="lowerright" flipped="False" hidden="False" data="11" />
    </sympin>
    <sympin number="12" originx="200" originy="-1100" rotation="180" length="100" width="7.8740157480315" flipped="False">
      <text name="pinname" originx="230" originy="-1100" style="Default" rotation="0" justify="left" flipped="False" hidden="False" data="MISO" />
      <text name="pindes" originx="140" originy="-1080" style="Default" rotation="0" justify="lowerright" flipped="False" hidden="False" data="12" />
    </sympin>
    <sympin number="13" originx="200" originy="-1200" rotation="180" length="100" width="7.8740157480315" flipped="False">
      <text name="pinname" originx="230" originy="-1200" style="Default" rotation="0" justify="left" flipped="False" hidden="False" data="SCK" />
      <text name="pindes" originx="140" originy="-1180" style="Default" rotation="0" justify="lowerright" flipped="False" hidden="False" data="13" />
    </sympin>
    <sympin number="14" originx="200" originy="-1300" rotation="180" length="100" width="7.8740157480315" flipped="False">
      <text name="pinname" originx="230" originy="-1300" style="Default" rotation="0" justify="left" flipped="False" hidden="False" data="A0" />
      <text name="pindes" originx="140" originy="-1280" style="Default" rotation="0" justify="lowerright" flipped="False" hidden="False" data="14" />
    </sympin>
    <sympin number="15" originx="200" originy="-1400" rotation="180" length="100" width="7.8740157480315" flipped="False">
      <text name="pinname" originx="230" originy="-1400" style="Default" rotation="0" justify="left" flipped="False" hidden="False" data="A1" />
      <text name="pindes" originx="140" originy="-1380" style="Default" rotation="0" justify="lowerright" flipped="False" hidden="False" data="15" />
    </sympin>
    <sympin number="16" originx="200" originy="-1500" rotation="180" length="100" width="7.8740157480315" flipped="False">
      <text name="pinname" originx="230" originy="-1500" style="Default" rotation="0" justify="left" flipped="False" hidden="False" data="A2" />
      <text name="pindes" originx="140" originy="-1480" style="Default" rotation="0" justify="lowerright" flipped="False" hidden="False" data="16" />
    </sympin>
    <sympin number="17" originx="200" originy="-1600" rotation="180" length="100" width="7.8740157480315" flipped="False">
      <text name="pinname" originx="230" originy="-1600" style="Default" rotation="0" justify="left" flipped="False" hidden="False" data="A3" />
      <text name="pindes" originx="140" originy="-1580" style="Default" rotation="0" justify="lowerright" flipped="False" hidden="False" data="17" />
    </sympin>
    <sympin number="18" originx="200" originy="-1700" rotation="180" length="100" width="7.8740157480315" flipped="False">
      <text name="pinname" originx="230" originy="-1700" style="Default" rotation="0" justify="left" flipped="False" hidden="False" data="A4" />
      <text name="pindes" originx="140" originy="-1680" style="Default" rotation="0" justify="lowerright" flipped="False" hidden="False" data="18" />
    </sympin>
    <sympin number="19" originx="200" originy="-1800" rotation="180" length="100" width="7.8740157480315" flipped="False">
      <text name="pinname" originx="230" originy="-1800" style="Default" rotation="0" justify="left" flipped="False" hidden="False" data="A5" />
      <text name="pindes" originx="140" originy="-1780" style="Default" rotation="0" justify="lowerright" flipped="False" hidden="False" data="19" />
    </sympin>
    <sympin number="20" originx="200" originy="-1900" rotation="180" length="100" width="7.8740157480315" flipped="False">
      <text name="pinname" originx="230" originy="-1900" style="Default" rotation="0" justify="left" flipped="False" hidden="False" data="A6" />
      <text name="pindes" originx="140" originy="-1880" style="Default" rotation="0" justify="lowerright" flipped="False" hidden="False" data="20" />
    </sympin>
    <sympin number="21" originx="200" originy="-2000" rotation="180" length="100" width="7.8740157480315" flipped="False">
      <text name="pinname" originx="230" originy="-2000" style="Default" rotation="0" justify="left" flipped="False" hidden="False" data="A7" />
      <text name="pindes" originx="140" originy="-1980" style="Default" rotation="0" justify="lowerright" flipped="False" hidden="False" data="21" />
    </sympin>
    <sympin number="22" originx="200" originy="-2100" rotation="180" length="100" width="7.8740157480315" flipped="False">
      <text name="pinname" originx="230" originy="-2100" style="Default" rotation="0" justify="left" flipped="False" hidden="False" data="A8" />
      <text name="pindes" originx="140" originy="-2080" style="Default" rotation="0" justify="lowerright" flipped="False" hidden="False" data="22" />
    </sympin>
    <sympin number="23" originx="200" originy="-2200" rotation="180" length="100" width="7.8740157480315" flipped="False">
      <text name="pinname" originx="230" originy="-2200" style="Default" rotation="0" justify="left" flipped="False" hidden="False" data="A9" />
      <text name="pindes" originx="140" originy="-2180" style="Default" rotation="0" justify="lowerright" flipped="False" hidden="False" data="23" />
    </sympin>
    <sympin number="24" originx="200" originy="-2300" rotation="180" length="100" width="7.8740157480315" flipped="False">
      <text name="pinname" originx="230" originy="-2300" style="Default" rotation="0" justify="left" flipped="False" hidden="False" data="A10" />
      <text name="pindes" originx="140" originy="-2280" style="Default" rotation="0" justify="lowerright" flipped="False" hidden="False" data="24" />
    </sympin>
    <sympin number="25" originx="200" originy="-2400" rotation="180" length="100" width="7.8740157480315" flipped="False">
      <text name="pinname" originx="230" originy="-2400" style="Default" rotation="0" justify="left" flipped="False" hidden="False" data="A11" />
      <text name="pindes" originx="140" originy="-2380" style="Default" rotation="0" justify="lowerright" flipped="False" hidden="False" data="25" />
    </sympin>
    <sympin number="26" originx="200" originy="-2500" rotation="180" length="100" width="7.8740157480315" flipped="False">
      <text name="pinname" originx="230" originy="-2500" style="Default" rotation="0" justify="left" flipped="False" hidden="False" data="A12" />
      <text name="pindes" originx="140" originy="-2480" style="Default" rotation="0" justify="lowerright" flipped="False" hidden="False" data="26" />
    </sympin>
    <sympin number="27" originx="200" originy="-2600" rotation="180" length="100" width="7.8740157480315" flipped="False">
      <text name="pinname" originx="230" originy="-2600" style="Default" rotation="0" justify="left" flipped="False" hidden="False" data="A13" />
      <text name="pindes" originx="140" originy="-2580" style="Default" rotation="0" justify="lowerright" flipped="False" hidden="False" data="27" />
    </sympin>
    <sympin number="28" originx="200" originy="-2700" rotation="180" length="100" width="7.8740157480315" flipped="False">
      <text name="pinname" originx="230" originy="-2700" style="Default" rotation="0" justify="left" flipped="False" hidden="False" data="RX7" />
      <text name="pindes" originx="140" originy="-2680" style="Default" rotation="0" justify="lowerright" flipped="False" hidden="False" data="28" />
    </sympin>
    <sympin number="29" originx="200" originy="-2800" rotation="180" length="100" width="7.8740157480315" flipped="False">
      <text name="pinname" originx="230" originy="-2800" style="Default" rotation="0" justify="left" flipped="False" hidden="False" data="TX7" />
      <text name="pindes" originx="140" originy="-2780" style="Default" rotation="0" justify="lowerright" flipped="False" hidden="False" data="29" />
    </sympin>
    <sympin number="30" originx="200" originy="-2900" rotation="180" length="100" width="7.8740157480315" flipped="False">
      <text name="pinname" originx="230" originy="-2900" style="Default" rotation="0" justify="left" flipped="False" hidden="False" data="CRX3" />
      <text name="pindes" originx="140" originy="-2880" style="Default" rotation="0" justify="lowerright" flipped="False" hidden="False" data="30" />
    </sympin>
    <sympin number="31" originx="1900" originy="0" rotation="0" length="100" width="7.8740157480315" flipped="False">
      <text name="pinname" originx="1870" originy="0" style="Default" rotation="0" justify="right" flipped="False" hidden="False" data="CTX3" />
      <text name="pindes" originx="1960" originy="20" style="Default" rotation="0" justify="lowerleft" flipped="False" hidden="False" data="31" />
    </sympin>
    <sympin number="32" originx="1900" originy="-100" rotation="0" length="100" width="7.8740157480315" flipped="False">
      <text name="pinname" originx="1870" originy="-100" style="Default" rotation="0" justify="right" flipped="False" hidden="False" data="OUT1B" />
      <text name="pindes" originx="1960" originy="-80" style="Default" rotation="0" justify="lowerleft" flipped="False" hidden="False" data="32" />
    </sympin>
    <sympin number="33" originx="1900" originy="-200" rotation="0" length="100" width="7.8740157480315" flipped="False">
      <text name="pinname" originx="1870" originy="-200" style="Default" rotation="0" justify="right" flipped="False" hidden="False" data="MCLK2" />
      <text name="pindes" originx="1960" originy="-180" style="Default" rotation="0" justify="lowerleft" flipped="False" hidden="False" data="33" />
    </sympin>
    <sympin number="34" originx="1900" originy="-300" rotation="0" length="100" width="7.8740157480315" flipped="False">
      <text name="pinname" originx="1870" originy="-300" style="Default" rotation="0" justify="right" flipped="False" hidden="False" data="RX8" />
      <text name="pindes" originx="1960" originy="-280" style="Default" rotation="0" justify="lowerleft" flipped="False" hidden="False" data="34" />
    </sympin>
    <sympin number="35" originx="1900" originy="-400" rotation="0" length="100" width="7.8740157480315" flipped="False">
      <text name="pinname" originx="1870" originy="-400" style="Default" rotation="0" justify="right" flipped="False" hidden="False" data="TX8" />
      <text name="pindes" originx="1960" originy="-380" style="Default" rotation="0" justify="lowerleft" flipped="False" hidden="False" data="35" />
    </sympin>
    <sympin number="36" originx="1900" originy="-500" rotation="0" length="100" width="7.8740157480315" flipped="False">
      <text name="pinname" originx="1870" originy="-500" style="Default" rotation="0" justify="right" flipped="False" hidden="False" data="CS_2" />
      <text name="pindes" originx="1960" originy="-480" style="Default" rotation="0" justify="lowerleft" flipped="False" hidden="False" data="36" />
    </sympin>
    <sympin number="37" originx="1900" originy="-600" rotation="0" length="100" width="7.8740157480315" flipped="False">
      <text name="pinname" originx="1870" originy="-600" style="Default" rotation="0" justify="right" flipped="False" hidden="False" data="CS_3" />
      <text name="pindes" originx="1960" originy="-580" style="Default" rotation="0" justify="lowerleft" flipped="False" hidden="False" data="37" />
    </sympin>
    <sympin number="38" originx="1900" originy="-700" rotation="0" length="100" width="7.8740157480315" flipped="False">
      <text name="pinname" originx="1870" originy="-700" style="Default" rotation="0" justify="right" flipped="False" hidden="False" data="A14" />
      <text name="pindes" originx="1960" originy="-680" style="Default" rotation="0" justify="lowerleft" flipped="False" hidden="False" data="38" />
    </sympin>
    <sympin number="39" originx="1900" originy="-800" rotation="0" length="100" width="7.8740157480315" flipped="False">
      <text name="pinname" originx="1870" originy="-800" style="Default" rotation="0" justify="right" flipped="False" hidden="False" data="A15" />
      <text name="pindes" originx="1960" originy="-780" style="Default" rotation="0" justify="lowerleft" flipped="False" hidden="False" data="39" />
    </sympin>
    <sympin number="40" originx="1900" originy="-900" rotation="0" length="100" width="7.8740157480315" flipped="False">
      <text name="pinname" originx="1870" originy="-900" style="Default" rotation="0" justify="right" flipped="False" hidden="False" data="A16" />
      <text name="pindes" originx="1960" originy="-880" style="Default" rotation="0" justify="lowerleft" flipped="False" hidden="False" data="40" />
    </sympin>
    <sympin number="41" originx="1900" originy="-1000" rotation="0" length="100" width="7.8740157480315" flipped="False">
      <text name="pinname" originx="1870" originy="-1000" style="Default" rotation="0" justify="right" flipped="False" hidden="False" data="A17" />
      <text name="pindes" originx="1960" originy="-980" style="Default" rotation="0" justify="lowerleft" flipped="False" hidden="False" data="41" />
    </sympin>
    <sympin number="42" originx="1900" originy="-1100" rotation="0" length="100" width="7.8740157480315" flipped="False">
      <text name="pinname" originx="1870" originy="-1100" style="Default" rotation="0" justify="right" flipped="False" hidden="False" data="3.3V_1" />
      <text name="pindes" originx="1960" originy="-1080" style="Default" rotation="0" justify="lowerleft" flipped="False" hidden="False" data="42" />
    </sympin>
    <sympin number="43" originx="1900" originy="-1200" rotation="0" length="100" width="7.8740157480315" flipped="False">
      <text name="pinname" originx="1870" originy="-1200" style="Default" rotation="0" justify="right" flipped="False" hidden="False" data="VBAT" />
      <text name="pindes" originx="1960" originy="-1180" style="Default" rotation="0" justify="lowerleft" flipped="False" hidden="False" data="43" />
    </sympin>
    <sympin number="44" originx="1900" originy="-1300" rotation="0" length="100" width="7.8740157480315" flipped="False">
      <text name="pinname" originx="1870" originy="-1300" style="Default" rotation="0" justify="right" flipped="False" hidden="False" data="3.3V_2" />
      <text name="pindes" originx="1960" originy="-1280" style="Default" rotation="0" justify="lowerleft" flipped="False" hidden="False" data="44" />
    </sympin>
    <sympin number="45" originx="1900" originy="-1400" rotation="0" length="100" width="7.8740157480315" flipped="False">
      <text name="pinname" originx="1870" originy="-1400" style="Default" rotation="0" justify="right" flipped="False" hidden="False" data="GND_1" />
      <text name="pindes" originx="1960" originy="-1380" style="Default" rotation="0" justify="lowerleft" flipped="False" hidden="False" data="45" />
    </sympin>
    <sympin number="46" originx="1900" originy="-1500" rotation="0" length="100" width="7.8740157480315" flipped="False">
      <text name="pinname" originx="1870" originy="-1500" style="Default" rotation="0" justify="right" flipped="False" hidden="False" data="PROGRAM" />
      <text name="pindes" originx="1960" originy="-1480" style="Default" rotation="0" justify="lowerleft" flipped="False" hidden="False" data="46" />
    </sympin>
    <sympin number="47" originx="1900" originy="-1600" rotation="0" length="100" width="7.8740157480315" flipped="False">
      <text name="pinname" originx="1870" originy="-1600" style="Default" rotation="0" justify="right" flipped="False" hidden="False" data="ON/OFF" />
      <text name="pindes" originx="1960" originy="-1580" style="Default" rotation="0" justify="lowerleft" flipped="False" hidden="False" data="47" />
    </sympin>
    <sympin number="48" originx="1900" originy="-1700" rotation="0" length="100" width="7.8740157480315" flipped="False">
      <text name="pinname" originx="1870" originy="-1700" style="Default" rotation="0" justify="right" flipped="False" hidden="False" data="GND_2" />
      <text name="pindes" originx="1960" originy="-1680" style="Default" rotation="0" justify="lowerleft" flipped="False" hidden="False" data="48" />
    </sympin>
    <sympin number="49" originx="1900" originy="-1800" rotation="0" length="100" width="7.8740157480315" flipped="False">
      <text name="pinname" originx="1870" originy="-1800" style="Default" rotation="0" justify="right" flipped="False" hidden="False" data="GND_3" />
      <text name="pindes" originx="1960" originy="-1780" style="Default" rotation="0" justify="lowerleft" flipped="False" hidden="False" data="49" />
    </sympin>
    <sympin number="50" originx="1900" originy="-1900" rotation="0" length="100" width="7.8740157480315" flipped="False">
      <text name="pinname" originx="1870" originy="-1900" style="Default" rotation="0" justify="right" flipped="False" hidden="False" data="D+" />
      <text name="pindes" originx="1960" originy="-1880" style="Default" rotation="0" justify="lowerleft" flipped="False" hidden="False" data="50" />
    </sympin>
    <sympin number="51" originx="1900" originy="-2000" rotation="0" length="100" width="7.8740157480315" flipped="False">
      <text name="pinname" originx="1870" originy="-2000" style="Default" rotation="0" justify="right" flipped="False" hidden="False" data="D-" />
      <text name="pindes" originx="1960" originy="-1980" style="Default" rotation="0" justify="lowerleft" flipped="False" hidden="False" data="51" />
    </sympin>
    <sympin number="52" originx="1900" originy="-2100" rotation="0" length="100" width="7.8740157480315" flipped="False">
      <text name="pinname" originx="1870" originy="-2100" style="Default" rotation="0" justify="right" flipped="False" hidden="False" data="+5V" />
      <text name="pindes" originx="1960" originy="-2080" style="Default" rotation="0" justify="lowerleft" flipped="False" hidden="False" data="52" />
    </sympin>
    <sympin number="53" originx="1900" originy="-2200" rotation="0" length="100" width="7.8740157480315" flipped="False">
      <text name="pinname" originx="1870" originy="-2200" style="Default" rotation="0" justify="right" flipped="False" hidden="False" data="3.3V_(250_M_A_MAX)" />
      <text name="pindes" originx="1960" originy="-2180" style="Default" rotation="0" justify="lowerleft" flipped="False" hidden="False" data="53" />
    </sympin>
    <sympin number="55" originx="1900" originy="-2300" rotation="0" length="100" width="7.8740157480315" flipped="False">
      <text name="pinname" originx="1870" originy="-2300" style="Default" rotation="0" justify="right" flipped="False" hidden="False" data="VIN_(3.6_TO_5.5_VOLTS)" />
      <text name="pindes" originx="1960" originy="-2280" style="Default" rotation="0" justify="lowerleft" flipped="False" hidden="False" data="55" />
    </sympin>
    <sympin number="57" originx="1900" originy="-2400" rotation="0" length="100" width="7.8740157480315" flipped="False">
      <text name="pinname" originx="1870" originy="-2400" style="Default" rotation="0" justify="right" flipped="False" hidden="False" data="RX1" />
      <text name="pindes" originx="1960" originy="-2380" style="Default" rotation="0" justify="lowerleft" flipped="False" hidden="False" data="57" />
    </sympin>
    <sympin number="68" originx="1900" originy="-2500" rotation="0" length="100" width="7.8740157480315" flipped="False">
      <text name="pinname" originx="1870" originy="-2500" style="Default" rotation="0" justify="right" flipped="False" hidden="False" data="VUSB" />
      <text name="pindes" originx="1960" originy="-2480" style="Default" rotation="0" justify="lowerleft" flipped="False" hidden="False" data="68" />
    </sympin>
    <sympin number="69" originx="1900" originy="-2600" rotation="0" length="100" width="7.8740157480315" flipped="False">
      <text name="pinname" originx="1870" originy="-2600" style="Default" rotation="0" justify="right" flipped="False" hidden="False" data="GND_4" />
      <text name="pindes" originx="1960" originy="-2580" style="Default" rotation="0" justify="lowerleft" flipped="False" hidden="False" data="69" />
    </sympin>
    <sympin number="70" originx="1900" originy="-2700" rotation="0" length="100" width="7.8740157480315" flipped="False">
      <text name="pinname" originx="1870" originy="-2700" style="Default" rotation="0" justify="right" flipped="False" hidden="False" data="GND_5" />
      <text name="pindes" originx="1960" originy="-2680" style="Default" rotation="0" justify="lowerleft" flipped="False" hidden="False" data="70" />
    </sympin>
    <sympin number="71" originx="1900" originy="-2800" rotation="0" length="100" width="7.8740157480315" flipped="False">
      <text name="pinname" originx="1870" originy="-2800" style="Default" rotation="0" justify="right" flipped="False" hidden="False" data="GND_6" />
      <text name="pindes" originx="1960" originy="-2780" style="Default" rotation="0" justify="lowerleft" flipped="False" hidden="False" data="71" />
    </sympin>
  </symbol>
  <component name="TEENSY_4.1" designatorprefix="IC" height="0" footprint="TEENSY41">
    <comppin designator="1" sympin="1" pinswap="0" gateswap="0" gate="1" group="1" side="" type="Any" name="TX1" />
    <comppin designator="2" sympin="2" pinswap="0" gateswap="0" gate="1" group="1" side="" type="Any" name="OUT2" />
    <comppin designator="3" sympin="3" pinswap="0" gateswap="0" gate="1" group="1" side="" type="Any" name="LRCLK2" />
    <comppin designator="4" sympin="4" pinswap="0" gateswap="0" gate="1" group="1" side="" type="Any" name="BCLK2" />
    <comppin designator="5" sympin="5" pinswap="0" gateswap="0" gate="1" group="1" side="" type="Any" name="IN2" />
    <comppin designator="6" sympin="6" pinswap="0" gateswap="0" gate="1" group="1" side="" type="Any" name="OUT1D" />
    <comppin designator="7" sympin="7" pinswap="0" gateswap="0" gate="1" group="1" side="" type="Any" name="RX2" />
    <comppin designator="8" sympin="8" pinswap="0" gateswap="0" gate="1" group="1" side="" type="Any" name="TX2" />
    <comppin designator="9" sympin="9" pinswap="0" gateswap="0" gate="1" group="1" side="" type="Any" name="OUT1C" />
    <comppin designator="10" sympin="10" pinswap="0" gateswap="0" gate="1" group="1" side="" type="Any" name="CS_1" />
    <comppin designator="11" sympin="11" pinswap="0" gateswap="0" gate="1" group="1" side="" type="Any" name="MOSI" />
    <comppin designator="12" sympin="12" pinswap="0" gateswap="0" gate="1" group="1" side="" type="Any" name="MISO" />
    <comppin designator="13" sympin="13" pinswap="0" gateswap="0" gate="1" group="1" side="" type="Any" name="SCK" />
    <comppin designator="14" sympin="14" pinswap="0" gateswap="0" gate="1" group="1" side="" type="Any" name="A0" />
    <comppin designator="15" sympin="15" pinswap="0" gateswap="0" gate="1" group="1" side="" type="Any" name="A1" />
    <comppin designator="16" sympin="16" pinswap="0" gateswap="0" gate="1" group="1" side="" type="Any" name="A2" />
    <comppin designator="17" sympin="17" pinswap="0" gateswap="0" gate="1" group="1" side="" type="Any" name="A3" />
    <comppin designator="18" sympin="18" pinswap="0" gateswap="0" gate="1" group="1" side="" type="Any" name="A4" />
    <comppin designator="19" sympin="19" pinswap="0" gateswap="0" gate="1" group="1" side="" type="Any" name="A5" />
    <comppin designator="20" sympin="20" pinswap="0" gateswap="0" gate="1" group="1" side="" type="Any" name="A6" />
    <comppin designator="21" sympin="21" pinswap="0" gateswap="0" gate="1" group="1" side="" type="Any" name="A7" />
    <comppin designator="22" sympin="22" pinswap="0" gateswap="0" gate="1" group="1" side="" type="Any" name="A8" />
    <comppin designator="23" sympin="23" pinswap="0" gateswap="0" gate="1" group="1" side="" type="Any" name="A9" />
    <comppin designator="24" sympin="24" pinswap="0" gateswap="0" gate="1" group="1" side="" type="Any" name="A10" />
    <comppin designator="25" sympin="25" pinswap="0" gateswap="0" gate="1" group="1" side="" type="Any" name="A11" />
    <comppin designator="26" sympin="26" pinswap="0" gateswap="0" gate="1" group="1" side="" type="Any" name="A12" />
    <comppin designator="27" sympin="27" pinswap="0" gateswap="0" gate="1" group="1" side="" type="Any" name="A13" />
    <comppin designator="28" sympin="28" pinswap="0" gateswap="0" gate="1" group="1" side="" type="Any" name="RX7" />
    <comppin designator="29" sympin="29" pinswap="0" gateswap="0" gate="1" group="1" side="" type="Any" name="TX7" />
    <comppin designator="30" sympin="30" pinswap="0" gateswap="0" gate="1" group="1" side="" type="Any" name="CRX3" />
    <comppin designator="31" sympin="31" pinswap="0" gateswap="0" gate="1" group="1" side="" type="Any" name="CTX3" />
    <comppin designator="32" sympin="32" pinswap="0" gateswap="0" gate="1" group="1" side="" type="Any" name="OUT1B" />
    <comppin designator="33" sympin="33" pinswap="0" gateswap="0" gate="1" group="1" side="" type="Any" name="MCLK2" />
    <comppin designator="34" sympin="34" pinswap="0" gateswap="0" gate="1" group="1" side="" type="Any" name="RX8" />
    <comppin designator="35" sympin="35" pinswap="0" gateswap="0" gate="1" group="1" side="" type="Any" name="TX8" />
    <comppin designator="36" sympin="36" pinswap="0" gateswap="0" gate="1" group="1" side="" type="Any" name="CS_2" />
    <comppin designator="37" sympin="37" pinswap="0" gateswap="0" gate="1" group="1" side="" type="Any" name="CS_3" />
    <comppin designator="38" sympin="38" pinswap="0" gateswap="0" gate="1" group="1" side="" type="Any" name="A14" />
    <comppin designator="39" sympin="39" pinswap="0" gateswap="0" gate="1" group="1" side="" type="Any" name="A15" />
    <comppin designator="40" sympin="40" pinswap="0" gateswap="0" gate="1" group="1" side="" type="Any" name="A16" />
    <comppin designator="41" sympin="41" pinswap="0" gateswap="0" gate="1" group="1" side="" type="Any" name="A17" />
    <comppin designator="42" sympin="42" pinswap="0" gateswap="0" gate="1" group="1" side="" type="Any" name="3.3V_1" />
    <comppin designator="43" sympin="43" pinswap="0" gateswap="0" gate="1" group="1" side="" type="Any" name="VBAT" />
    <comppin designator="44" sympin="44" pinswap="0" gateswap="0" gate="1" group="1" side="" type="Any" name="3.3V_2" />
    <comppin designator="45" sympin="45" pinswap="0" gateswap="0" gate="1" group="1" side="" type="Any" name="GND_1" />
    <comppin designator="46" sympin="46" pinswap="0" gateswap="0" gate="1" group="1" side="" type="Any" name="PROGRAM" />
    <comppin designator="47" sympin="47" pinswap="0" gateswap="0" gate="1" group="1" side="" type="Any" name="ON/OFF" />
    <comppin designator="48" sympin="48" pinswap="0" gateswap="0" gate="1" group="1" side="" type="Any" name="GND_2" />
    <comppin designator="49" sympin="49" pinswap="0" gateswap="0" gate="1" group="1" side="" type="Any" name="GND_3" />
    <comppin designator="50" sympin="50" pinswap="0" gateswap="0" gate="1" group="1" side="" type="Any" name="D+" />
    <comppin designator="51" sympin="51" pinswap="0" gateswap="0" gate="1" group="1" side="" type="Any" name="D-" />
    <comppin designator="52" sympin="52" pinswap="0" gateswap="0" gate="1" group="1" side="" type="Any" name="+5V" />
    <comppin designator="53" sympin="53" pinswap="0" gateswap="0" gate="1" group="1" side="" type="Any" name="3.3V_(250_M_A_MAX)" />
    <comppin designator="55" sympin="55" pinswap="0" gateswap="0" gate="1" group="1" side="" type="Any" name="VIN_(3.6_TO_5.5_VOLTS)" />
    <comppin designator="57" sympin="57" pinswap="0" gateswap="0" gate="1" group="1" side="" type="Any" name="RX1" />
    <comppin designator="68" sympin="68" pinswap="0" gateswap="0" gate="1" group="1" side="" type="Any" name="VUSB" />
    <comppin designator="69" sympin="69" pinswap="0" gateswap="0" gate="1" group="1" side="" type="Any" name="GND_4" />
    <comppin designator="70" sympin="70" pinswap="0" gateswap="0" gate="1" group="1" side="" type="Any" name="GND_5" />
    <comppin designator="71" sympin="71" pinswap="0" gateswap="0" gate="1" group="1" side="" type="Any" name="GND_6" />
    <attached_symbol gate="1" name="TEENSY_4.1" />
    <pinmap designator="1" footprintpin="1" />
    <pinmap designator="2" footprintpin="2" />
    <pinmap designator="3" footprintpin="3" />
    <pinmap designator="4" footprintpin="4" />
    <pinmap designator="5" footprintpin="5" />
    <pinmap designator="6" footprintpin="6" />
    <pinmap designator="7" footprintpin="7" />
    <pinmap designator="8" footprintpin="8" />
    <pinmap designator="9" footprintpin="9" />
    <pinmap designator="10" footprintpin="10" />
    <pinmap designator="11" footprintpin="11" />
    <pinmap designator="12" footprintpin="12" />
    <pinmap designator="13" footprintpin="13" />
    <pinmap designator="14" footprintpin="14" />
    <pinmap designator="15" footprintpin="15" />
    <pinmap designator="16" footprintpin="16" />
    <pinmap designator="17" footprintpin="17" />
    <pinmap designator="18" footprintpin="18" />
    <pinmap designator="19" footprintpin="19" />
    <pinmap designator="20" footprintpin="20" />
    <pinmap designator="21" footprintpin="21" />
    <pinmap designator="22" footprintpin="22" />
    <pinmap designator="23" footprintpin="23" />
    <pinmap designator="24" footprintpin="24" />
    <pinmap designator="25" footprintpin="25" />
    <pinmap designator="26" footprintpin="26" />
    <pinmap designator="27" footprintpin="27" />
    <pinmap designator="28" footprintpin="28" />
    <pinmap designator="29" footprintpin="29" />
    <pinmap designator="30" footprintpin="30" />
    <pinmap designator="31" footprintpin="31" />
    <pinmap designator="32" footprintpin="32" />
    <pinmap designator="33" footprintpin="33" />
    <pinmap designator="34" footprintpin="34" />
    <pinmap designator="35" footprintpin="35" />
    <pinmap designator="36" footprintpin="36" />
    <pinmap designator="37" footprintpin="37" />
    <pinmap designator="38" footprintpin="38" />
    <pinmap designator="39" footprintpin="39" />
    <pinmap designator="40" footprintpin="40" />
    <pinmap designator="41" footprintpin="41" />
    <pinmap designator="42" footprintpin="42" />
    <pinmap designator="43" footprintpin="43" />
    <pinmap designator="44" footprintpin="44" />
    <pinmap designator="45" footprintpin="45" />
    <pinmap designator="46" footprintpin="46" />
    <pinmap designator="47" footprintpin="47" />
    <pinmap designator="48" footprintpin="48" />
    <pinmap designator="49" footprintpin="49" />
    <pinmap designator="50" footprintpin="50" />
    <pinmap designator="51" footprintpin="51" />
    <pinmap designator="52" footprintpin="52" />
    <pinmap designator="53" footprintpin="53" />
    <pinmap designator="55" footprintpin="54" />
    <pinmap designator="57" footprintpin="55" />
    <pinmap designator="68" footprintpin="56" />
    <pinmap designator="69" footprintpin="57" />
    <pinmap designator="70" footprintpin="58" />
    <pinmap designator="71" footprintpin="59" />
    <text name="Datasheet" originx="0" originy="0" style="Default" rotation="0" justify="" flipped="False" hidden="True" data="https://www.pjrc.com/store/teensy41.html" />
    <text name="Description" originx="0" originy="0" style="Default" rotation="0" justify="" flipped="False" hidden="True" data="Teensy 4.1 Development Board" />
    <text name="Manufacturer_Name" originx="0" originy="0" style="Default" rotation="0" justify="" flipped="False" hidden="True" data="PJRC" />
    <text name="Manufacturer_Part_Number" originx="1950" originy="200" style="Default" rotation="0" justify="left" flipped="False" hidden="False" data="TEENSY 4.1" />
    <text name="Mouser Part Number" originx="0" originy="0" style="Default" rotation="0" justify="" flipped="False" hidden="True" data="" />
    <text name="Mouser Price/Stock" originx="0" originy="0" style="Default" rotation="0" justify="" flipped="False" hidden="True" data="" />
    <text name="Arrow Part Number" originx="0" originy="0" style="Default" rotation="0" justify="" flipped="False" hidden="True" data="" />
    <text name="Arrow Price/Stock" originx="0" originy="0" style="Default" rotation="0" justify="" flipped="False" hidden="True" data="" />
    <text name="Mouser Testing Part Number" originx="0" originy="0" style="Default" rotation="0" justify="" flipped="False" hidden="True" data="" />
    <text name="Mouser Testing Price/Stock" originx="0" originy="0" style="Default" rotation="0" justify="" flipped="False" hidden="True" data="" />
  </component>
</quadcept_library>
